Time,Stress
0,0.97689
4,0.93281
8,0.91944
12,0.91048
16,0.90438
20,0.89925
24,0.89512
28,0.89203
32,0.8894
36,0.88658
40,0.8843
44,0.88211
48,0.88039
52,0.8786
