Time,Stress
0,2.48348
5,2.32697
10,2.26332
15,2.21714
20,2.17357
25,2.07175
30,2.02983
35,2.00439
40,1.98413
45,1.96652
50,1.95086
55,1.93716
60,1.92566
65,1.91367
70,1.90344
75,1.89427
80,1.88558
85,1.87823
90,1.86984
95,1.86352
100,1.8567
