Time,Stress
0,4.41357
5,4.18808
10,4.11549
15,4.06948
20,4.03574
25,4.00855
30,3.98628
35,3.96817
40,3.95227
45,3.93806
50,3.92565
55,3.91426
60,3.904
65,3.8944
70,3.88623
75,3.87839
80,3.87159
85,3.86511
90,3.85841
95,3.85169
99.999,3.84618
