Time,Stress
0,0.91316
20,0.8564
40,0.84617
60,0.84011
80,0.83627
100,0.83264
120,0.82995
140,0.82757
160,0.8254
180,0.82345
200,0.82169
220,0.82022
240,0.81868
260,0.81754
280,0.81633
