Time,Stress
0,0.91316
10,0.86693
20,0.8564
30,0.85075
40,0.84617
50,0.8429
60,0.84011
70,0.83806
80,0.83627
90,0.83446
100,0.83264
110,0.83108
120,0.82995
130,0.8287
140,0.82757
150,0.8266
160,0.8254
170,0.82421
180,0.82345
190,0.82249
200,0.82169
210,0.82101
220,0.82022
230,0.81961
240,0.81868
250,0.81825
260,0.81754
270,0.81685
280,0.81633
290,0.81586
