Time,Stress
0,1.6548
5,1.58214
10,1.55878
15,1.54375
20,1.53285
25,1.52403
30,1.51673
35,1.5104
40,1.50489
45,1.50002
50,1.49568
55,1.49192
60,1.48832
65,1.48505
70,1.48206
75,1.47933
80,1.47678
85,1.4744
90,1.47229
95,1.4702
99.999,1.46821
