Time,Stress
0,1.6548
4,1.58902
8,1.56669
12,1.55209
16,1.54136
20,1.53285
24,1.52562
28,1.51959
32,1.51409
36,1.50925
40,1.50489
44,1.50094
48,1.49736
52,1.49411
56,1.49115
60,1.48832
64,1.48572
68,1.48325
72,1.48093
76,1.47872
80,1.47678
84,1.47488
88,1.47305
92,1.47134
96,1.46981
99.999,1.46821
